-- 1. Users 데이터 (20명)
-- ID: u01 ~ u20
-- 시간: 현재 시간 기준으로 20분 전부터 1분 간격으로 생성
INSERT INTO "users" (id, email, nickname, password, created_at)
VALUES ('u0000000-0000-0000-0000-000000000001', 'pg_user01@example.com', 'PG유저01', 'pass01!',
        NOW() - INTERVAL '20 minutes'),
       ('u0000000-0000-0000-0000-000000000002', 'pg_user02@example.com', 'PG유저02', 'pass02!',
        NOW() - INTERVAL '19 minutes'),
       ('u0000000-0000-0000-0000-000000000003', 'pg_user03@example.com', 'PG유저03', 'pass03!',
        NOW() - INTERVAL '18 minutes'),
       ('u0000000-0000-0000-0000-000000000004', 'pg_user04@example.com', 'PG유저04', 'pass04!',
        NOW() - INTERVAL '17 minutes'),
       ('u0000000-0000-0000-0000-000000000005', 'pg_user05@example.com', 'PG유저05', 'pass05!',
        NOW() - INTERVAL '16 minutes'),
       ('u0000000-0000-0000-0000-000000000006', 'pg_user06@example.com', 'PG유저06', 'pass06!',
        NOW() - INTERVAL '15 minutes'),
       ('u0000000-0000-0000-0000-000000000007', 'pg_user07@example.com', 'PG유저07', 'pass07!',
        NOW() - INTERVAL '14 minutes'),
       ('u0000000-0000-0000-0000-000000000008', 'pg_user08@example.com', 'PG유저08', 'pass08!',
        NOW() - INTERVAL '13 minutes'),
       ('u0000000-0000-0000-0000-000000000009', 'pg_user09@example.com', 'PG유저09', 'pass09!',
        NOW() - INTERVAL '12 minutes'),
       ('u0000000-0000-0000-0000-000000000010', 'pg_user10@example.com', 'PG유저10', 'pass10!',
        NOW() - INTERVAL '11 minutes'),
       ('u0000000-0000-0000-0000-000000000011', 'pg_user11@example.com', 'PG유저11', 'pass11!',
        NOW() - INTERVAL '10 minutes'),
       ('u0000000-0000-0000-0000-000000000012', 'pg_user12@example.com', 'PG유저12', 'pass12!',
        NOW() - INTERVAL '9 minutes'),
       ('u0000000-0000-0000-0000-000000000013', 'pg_user13@example.com', 'PG유저13', 'pass13!',
        NOW() - INTERVAL '8 minutes'),
       ('u0000000-0000-0000-0000-000000000014', 'pg_user14@example.com', 'PG유저14', 'pass14!',
        NOW() - INTERVAL '7 minutes'),
       ('u0000000-0000-0000-0000-000000000015', 'pg_user15@example.com', 'PG유저15', 'pass15!',
        NOW() - INTERVAL '6 minutes'),
       ('u0000000-0000-0000-0000-000000000016', 'pg_user16@example.com', 'PG유저16', 'pass16!',
        NOW() - INTERVAL '5 minutes'),
       ('u0000000-0000-0000-0000-000000000017', 'pg_user17@example.com', 'PG유저17', 'pass17!',
        NOW() - INTERVAL '4 minutes'),
       ('u0000000-0000-0000-0000-000000000018', 'pg_user18@example.com', 'PG유저18', 'pass18!',
        NOW() - INTERVAL '3 minutes'),
       ('u0000000-0000-0000-0000-000000000019', 'pg_user19@example.com', 'PG유저19', 'pass19!',
        NOW() - INTERVAL '2 minutes'),
       ('u0000000-0000-0000-0000-000000000020', 'pg_user20@example.com', 'PG유저20', 'pass20!',
        NOW() - INTERVAL '1 minute');

-- 2. Books 데이터 (20권)
-- ID: b01 ~ b20
-- 시간: 순차적으로 1초씩 증가시켜 페이지네이션 정렬 확인 용이
INSERT INTO "books" (id, title, author, description, publisher, published_date, isbn, updated_at,
                     created_at)
VALUES ('b0000000-0000-0000-0000-000000000001', 'PG Book 01', 'Author A', 'Desc 01', 'Pub A',
        '2023-01-01', 'PG-ISBN-001', NOW(), NOW() + INTERVAL '1 second'),
       ('b0000000-0000-0000-0000-000000000002', 'PG Book 02', 'Author B', 'Desc 02', 'Pub B',
        '2023-01-02', 'PG-ISBN-002', NOW(), NOW() + INTERVAL '2 seconds'),
       ('b0000000-0000-0000-0000-000000000003', 'PG Book 03', 'Author C', 'Desc 03', 'Pub C',
        '2023-01-03', 'PG-ISBN-003', NOW(), NOW() + INTERVAL '3 seconds'),
       ('b0000000-0000-0000-0000-000000000004', 'PG Book 04', 'Author D', 'Desc 04', 'Pub D',
        '2023-01-04', 'PG-ISBN-004', NOW(), NOW() + INTERVAL '4 seconds'),
       ('b0000000-0000-0000-0000-000000000005', 'PG Book 05', 'Author E', 'Desc 05', 'Pub E',
        '2023-01-05', 'PG-ISBN-005', NOW(), NOW() + INTERVAL '5 seconds'),
       ('b0000000-0000-0000-0000-000000000006', 'PG Book 06', 'Author F', 'Desc 06', 'Pub F',
        '2023-01-06', 'PG-ISBN-006', NOW(), NOW() + INTERVAL '6 seconds'),
       ('b0000000-0000-0000-0000-000000000007', 'PG Book 07', 'Author G', 'Desc 07', 'Pub G',
        '2023-01-07', 'PG-ISBN-007', NOW(), NOW() + INTERVAL '7 seconds'),
       ('b0000000-0000-0000-0000-000000000008', 'PG Book 08', 'Author H', 'Desc 08', 'Pub H',
        '2023-01-08', 'PG-ISBN-008', NOW(), NOW() + INTERVAL '8 seconds'),
       ('b0000000-0000-0000-0000-000000000009', 'PG Book 09', 'Author I', 'Desc 09', 'Pub I',
        '2023-01-09', 'PG-ISBN-009', NOW(), NOW() + INTERVAL '9 seconds'),
       ('b0000000-0000-0000-0000-000000000010', 'PG Book 10', 'Author J', 'Desc 10', 'Pub J',
        '2023-01-10', 'PG-ISBN-010', NOW(), NOW() + INTERVAL '10 seconds'),
       ('b0000000-0000-0000-0000-000000000011', 'PG Book 11', 'Author K', 'Desc 11', 'Pub K',
        '2023-01-11', 'PG-ISBN-011', NOW(), NOW() + INTERVAL '11 seconds'),
       ('b0000000-0000-0000-0000-000000000012', 'PG Book 12', 'Author L', 'Desc 12', 'Pub L',
        '2023-01-12', 'PG-ISBN-012', NOW(), NOW() + INTERVAL '12 seconds'),
       ('b0000000-0000-0000-0000-000000000013', 'PG Book 13', 'Author M', 'Desc 13', 'Pub M',
        '2023-01-13', 'PG-ISBN-013', NOW(), NOW() + INTERVAL '13 seconds'),
       ('b0000000-0000-0000-0000-000000000014', 'PG Book 14', 'Author N', 'Desc 14', 'Pub N',
        '2023-01-14', 'PG-ISBN-014', NOW(), NOW() + INTERVAL '14 seconds'),
       ('b0000000-0000-0000-0000-000000000015', 'PG Book 15', 'Author O', 'Desc 15', 'Pub O',
        '2023-01-15', 'PG-ISBN-015', NOW(), NOW() + INTERVAL '15 seconds'),
       ('b0000000-0000-0000-0000-000000000016', 'PG Book 16', 'Author P', 'Desc 16', 'Pub P',
        '2023-01-16', 'PG-ISBN-016', NOW(), NOW() + INTERVAL '16 seconds'),
       ('b0000000-0000-0000-0000-000000000017', 'PG Book 17', 'Author Q', 'Desc 17', 'Pub Q',
        '2023-01-17', 'PG-ISBN-017', NOW(), NOW() + INTERVAL '17 seconds'),
       ('b0000000-0000-0000-0000-000000000018', 'PG Book 18', 'Author R', 'Desc 18', 'Pub R',
        '2023-01-18', 'PG-ISBN-018', NOW(), NOW() + INTERVAL '18 seconds'),
       ('b0000000-0000-0000-0000-000000000019', 'PG Book 19', 'Author S', 'Desc 19', 'Pub S',
        '2023-01-19', 'PG-ISBN-019', NOW(), NOW() + INTERVAL '19 seconds'),
       ('b0000000-0000-0000-0000-000000000020', 'PG Book 20', 'Author T', 'Desc 20', 'Pub T',
        '2023-01-20', 'PG-ISBN-020', NOW(), NOW() + INTERVAL '20 seconds');

-- 3. Reviews 데이터 (20개)
-- ID: r01 ~ r20
-- 각 유저(u01~u20)가 각 도서(b01~b20)에 1:1로 리뷰 작성
INSERT INTO "reviews" (id, book_id, user_id, rating, content, created_at)
VALUES ('r0000000-0000-0000-0000-000000000001', 'b0000000-0000-0000-0000-000000000001',
        'u0000000-0000-0000-0000-000000000001', 5, 'PG Review Content 01',
        NOW() + INTERVAL '1 second'),
       ('r0000000-0000-0000-0000-000000000002', 'b0000000-0000-0000-0000-000000000002',
        'u0000000-0000-0000-0000-000000000002', 4, 'PG Review Content 02',
        NOW() + INTERVAL '2 seconds'),
       ('r0000000-0000-0000-0000-000000000003', 'b0000000-0000-0000-0000-000000000003',
        'u0000000-0000-0000-0000-000000000003', 3, 'PG Review Content 03',
        NOW() + INTERVAL '3 seconds'),
       ('r0000000-0000-0000-0000-000000000004', 'b0000000-0000-0000-0000-000000000004',
        'u0000000-0000-0000-0000-000000000004', 5, 'PG Review Content 04',
        NOW() + INTERVAL '4 seconds'),
       ('r0000000-0000-0000-0000-000000000005', 'b0000000-0000-0000-0000-000000000005',
        'u0000000-0000-0000-0000-000000000005', 2, 'PG Review Content 05',
        NOW() + INTERVAL '5 seconds'),
       ('r0000000-0000-0000-0000-000000000006', 'b0000000-0000-0000-0000-000000000006',
        'u0000000-0000-0000-0000-000000000006', 4, 'PG Review Content 06',
        NOW() + INTERVAL '6 seconds'),
       ('r0000000-0000-0000-0000-000000000007', 'b0000000-0000-0000-0000-000000000007',
        'u0000000-0000-0000-0000-000000000007', 5, 'PG Review Content 07',
        NOW() + INTERVAL '7 seconds'),
       ('r0000000-0000-0000-0000-000000000008', 'b0000000-0000-0000-0000-000000000008',
        'u0000000-0000-0000-0000-000000000008', 3, 'PG Review Content 08',
        NOW() + INTERVAL '8 seconds'),
       ('r0000000-0000-0000-0000-000000000009', 'b0000000-0000-0000-0000-000000000009',
        'u0000000-0000-0000-0000-000000000009', 1, 'PG Review Content 09',
        NOW() + INTERVAL '9 seconds'),
       ('r0000000-0000-0000-0000-000000000010', 'b0000000-0000-0000-0000-000000000010',
        'u0000000-0000-0000-0000-000000000010', 4, 'PG Review Content 10',
        NOW() + INTERVAL '10 seconds'),
       ('r0000000-0000-0000-0000-000000000011', 'b0000000-0000-0000-0000-000000000011',
        'u0000000-0000-0000-0000-000000000011', 5, 'PG Review Content 11',
        NOW() + INTERVAL '11 seconds'),
       ('r0000000-0000-0000-0000-000000000012', 'b0000000-0000-0000-0000-000000000012',
        'u0000000-0000-0000-0000-000000000012', 2, 'PG Review Content 12',
        NOW() + INTERVAL '12 seconds'),
       ('r0000000-0000-0000-0000-000000000013', 'b0000000-0000-0000-0000-000000000013',
        'u0000000-0000-0000-0000-000000000013', 4, 'PG Review Content 13',
        NOW() + INTERVAL '13 seconds'),
       ('r0000000-0000-0000-0000-000000000014', 'b0000000-0000-0000-0000-000000000014',
        'u0000000-0000-0000-0000-000000000014', 5, 'PG Review Content 14',
        NOW() + INTERVAL '14 seconds'),
       ('r0000000-0000-0000-0000-000000000015', 'b0000000-0000-0000-0000-000000000015',
        'u0000000-0000-0000-0000-000000000015', 3, 'PG Review Content 15',
        NOW() + INTERVAL '15 seconds'),
       ('r0000000-0000-0000-0000-000000000016', 'b0000000-0000-0000-0000-000000000016',
        'u0000000-0000-0000-0000-000000000016', 4, 'PG Review Content 16',
        NOW() + INTERVAL '16 seconds'),
       ('r0000000-0000-0000-0000-000000000017', 'b0000000-0000-0000-0000-000000000017',
        'u0000000-0000-0000-0000-000000000017', 5, 'PG Review Content 17',
        NOW() + INTERVAL '17 seconds'),
       ('r0000000-0000-0000-0000-000000000018', 'b0000000-0000-0000-0000-000000000018',
        'u0000000-0000-0000-0000-000000000018', 4, 'PG Review Content 18',
        NOW() + INTERVAL '18 seconds'),
       ('r0000000-0000-0000-0000-000000000019', 'b0000000-0000-0000-0000-000000000019',
        'u0000000-0000-0000-0000-000000000019', 3, 'PG Review Content 19',
        NOW() + INTERVAL '19 seconds'),
       ('r0000000-0000-0000-0000-000000000020', 'b0000000-0000-0000-0000-000000000020',
        'u0000000-0000-0000-0000-000000000020', 5, 'PG Review Content 20',
        NOW() + INTERVAL '20 seconds');

-- 4. Notifications 데이터 (20개)
-- ID: n01 ~ n20
-- 테스트 편의상 모든 알림을 user01에게 전송, 연관된 리뷰는 r01~r20
INSERT INTO "notifications" (id, review_id, user_id, content, is_confirmed, review_title,
                             created_at)
VALUES ('n0000000-0000-0000-0000-000000000001', 'r0000000-0000-0000-0000-000000000001',
        'u0000000-0000-0000-0000-000000000001', 'PG Notify 01', FALSE, 'PG Book 01',
        NOW() + INTERVAL '1 second'),
       ('n0000000-0000-0000-0000-000000000002', 'r0000000-0000-0000-0000-000000000002',
        'u0000000-0000-0000-0000-000000000001', 'PG Notify 02', FALSE, 'PG Book 02',
        NOW() + INTERVAL '2 seconds'),
       ('n0000000-0000-0000-0000-000000000003', 'r0000000-0000-0000-0000-000000000003',
        'u0000000-0000-0000-0000-000000000001', 'PG Notify 03', FALSE, 'PG Book 03',
        NOW() + INTERVAL '3 seconds'),
       ('n0000000-0000-0000-0000-000000000004', 'r0000000-0000-0000-0000-000000000004',
        'u0000000-0000-0000-0000-000000000001', 'PG Notify 04', FALSE, 'PG Book 04',
        NOW() + INTERVAL '4 seconds'),
       ('n0000000-0000-0000-0000-000000000005', 'r0000000-0000-0000-0000-000000000005',
        'u0000000-0000-0000-0000-000000000001', 'PG Notify 05', FALSE, 'PG Book 05',
        NOW() + INTERVAL '5 seconds'),
       ('n0000000-0000-0000-0000-000000000006', 'r0000000-0000-0000-0000-000000000006',
        'u0000000-0000-0000-0000-000000000001', 'PG Notify 06', FALSE, 'PG Book 06',
        NOW() + INTERVAL '6 seconds'),
       ('n0000000-0000-0000-0000-000000000007', 'r0000000-0000-0000-0000-000000000007',
        'u0000000-0000-0000-0000-000000000001', 'PG Notify 07', FALSE, 'PG Book 07',
        NOW() + INTERVAL '7 seconds'),
       ('n0000000-0000-0000-0000-000000000008', 'r0000000-0000-0000-0000-000000000008',
        'u0000000-0000-0000-0000-000000000001', 'PG Notify 08', FALSE, 'PG Book 08',
        NOW() + INTERVAL '8 seconds'),
       ('n0000000-0000-0000-0000-000000000009', 'r0000000-0000-0000-0000-000000000009',
        'u0000000-0000-0000-0000-000000000001', 'PG Notify 09', FALSE, 'PG Book 09',
        NOW() + INTERVAL '9 seconds'),
       ('n0000000-0000-0000-0000-000000000010', 'r0000000-0000-0000-0000-000000000010',
        'u0000000-0000-0000-0000-000000000001', 'PG Notify 10', FALSE, 'PG Book 10',
        NOW() + INTERVAL '10 seconds'),
       ('n0000000-0000-0000-0000-000000000011', 'r0000000-0000-0000-0000-000000000011',
        'u0000000-0000-0000-0000-000000000001', 'PG Notify 11', FALSE, 'PG Book 11',
        NOW() + INTERVAL '11 seconds'),
       ('n0000000-0000-0000-0000-000000000012', 'r0000000-0000-0000-0000-000000000012',
        'u0000000-0000-0000-0000-000000000001', 'PG Notify 12', FALSE, 'PG Book 12',
        NOW() + INTERVAL '12 seconds'),
       ('n0000000-0000-0000-0000-000000000013', 'r0000000-0000-0000-0000-000000000013',
        'u0000000-0000-0000-0000-000000000001', 'PG Notify 13', FALSE, 'PG Book 13',
        NOW() + INTERVAL '13 seconds'),
       ('n0000000-0000-0000-0000-000000000014', 'r0000000-0000-0000-0000-000000000014',
        'u0000000-0000-0000-0000-000000000001', 'PG Notify 14', FALSE, 'PG Book 14',
        NOW() + INTERVAL '14 seconds'),
       ('n0000000-0000-0000-0000-000000000015', 'r0000000-0000-0000-0000-000000000015',
        'u0000000-0000-0000-0000-000000000001', 'PG Notify 15', FALSE, 'PG Book 15',
        NOW() + INTERVAL '15 seconds'),
       ('n0000000-0000-0000-0000-000000000016', 'r0000000-0000-0000-0000-000000000016',
        'u0000000-0000-0000-0000-000000000001', 'PG Notify 16', FALSE, 'PG Book 16',
        NOW() + INTERVAL '16 seconds'),
       ('n0000000-0000-0000-0000-000000000017', 'r0000000-0000-0000-0000-000000000017',
        'u0000000-0000-0000-0000-000000000001', 'PG Notify 17', FALSE, 'PG Book 17',
        NOW() + INTERVAL '17 seconds'),
       ('n0000000-0000-0000-0000-000000000018', 'r0000000-0000-0000-0000-000000000018',
        'u0000000-0000-0000-0000-000000000001', 'PG Notify 18', FALSE, 'PG Book 18',
        NOW() + INTERVAL '18 seconds'),
       ('n0000000-0000-0000-0000-000000000019', 'r0000000-0000-0000-0000-000000000019',
        'u0000000-0000-0000-0000-000000000001', 'PG Notify 19', FALSE, 'PG Book 19',
        NOW() + INTERVAL '19 seconds'),
       ('n0000000-0000-0000-0000-000000000020', 'r0000000-0000-0000-0000-000000000020',
        'u0000000-0000-0000-0000-000000000001', 'PG Notify 20', FALSE, 'PG Book 20',
        NOW() + INTERVAL '20 seconds');

-- 5. Comments 데이터 (20개)
-- ID: c01 ~ c20
-- 작성자: user02, 대상: r01 ~ r20
INSERT INTO "comments" (id, user_id, review_id, content, created_at)
VALUES ('c0000000-0000-0000-0000-000000000001', 'u0000000-0000-0000-0000-000000000002',
        'r0000000-0000-0000-0000-000000000001', 'PG Comment 01', NOW() + INTERVAL '1 second'),
       ('c0000000-0000-0000-0000-000000000002', 'u0000000-0000-0000-0000-000000000002',
        'r0000000-0000-0000-0000-000000000002', 'PG Comment 02', NOW() + INTERVAL '2 seconds'),
       ('c0000000-0000-0000-0000-000000000003', 'u0000000-0000-0000-0000-000000000002',
        'r0000000-0000-0000-0000-000000000003', 'PG Comment 03', NOW() + INTERVAL '3 seconds'),
       ('c0000000-0000-0000-0000-000000000004', 'u0000000-0000-0000-0000-000000000002',
        'r0000000-0000-0000-0000-000000000004', 'PG Comment 04', NOW() + INTERVAL '4 seconds'),
       ('c0000000-0000-0000-0000-000000000005', 'u0000000-0000-0000-0000-000000000002',
        'r0000000-0000-0000-0000-000000000005', 'PG Comment 05', NOW() + INTERVAL '5 seconds'),
       ('c0000000-0000-0000-0000-000000000006', 'u0000000-0000-0000-0000-000000000002',
        'r0000000-0000-0000-0000-000000000006', 'PG Comment 06', NOW() + INTERVAL '6 seconds'),
       ('c0000000-0000-0000-0000-000000000007', 'u0000000-0000-0000-0000-000000000002',
        'r0000000-0000-0000-0000-000000000007', 'PG Comment 07', NOW() + INTERVAL '7 seconds'),
       ('c0000000-0000-0000-0000-000000000008', 'u0000000-0000-0000-0000-000000000002',
        'r0000000-0000-0000-0000-000000000008', 'PG Comment 08', NOW() + INTERVAL '8 seconds'),
       ('c0000000-0000-0000-0000-000000000009', 'u0000000-0000-0000-0000-000000000002',
        'r0000000-0000-0000-0000-000000000009', 'PG Comment 09', NOW() + INTERVAL '9 seconds'),
       ('c0000000-0000-0000-0000-000000000010', 'u0000000-0000-0000-0000-000000000002',
        'r0000000-0000-0000-0000-000000000010', 'PG Comment 10', NOW() + INTERVAL '10 seconds'),
       ('c0000000-0000-0000-0000-000000000011', 'u0000000-0000-0000-0000-000000000002',
        'r0000000-0000-0000-0000-000000000011', 'PG Comment 11', NOW() + INTERVAL '11 seconds'),
       ('c0000000-0000-0000-0000-000000000012', 'u0000000-0000-0000-0000-000000000002',
        'r0000000-0000-0000-0000-000000000012', 'PG Comment 12', NOW() + INTERVAL '12 seconds'),
       ('c0000000-0000-0000-0000-000000000013', 'u0000000-0000-0000-0000-000000000002',
        'r0000000-0000-0000-0000-000000000013', 'PG Comment 13', NOW() + INTERVAL '13 seconds'),
       ('c0000000-0000-0000-0000-000000000014', 'u0000000-0000-0000-0000-000000000002',
        'r0000000-0000-0000-0000-000000000014', 'PG Comment 14', NOW() + INTERVAL '14 seconds'),
       ('c0000000-0000-0000-0000-000000000015', 'u0000000-0000-0000-0000-000000000002',
        'r0000000-0000-0000-0000-000000000015', 'PG Comment 15', NOW() + INTERVAL '15 seconds'),
       ('c0000000-0000-0000-0000-000000000016', 'u0000000-0000-0000-0000-000000000002',
        'r0000000-0000-0000-0000-000000000016', 'PG Comment 16', NOW() + INTERVAL '16 seconds'),
       ('c0000000-0000-0000-0000-000000000017', 'u0000000-0000-0000-0000-000000000002',
        'r0000000-0000-0000-0000-000000000017', 'PG Comment 17', NOW() + INTERVAL '17 seconds'),
       ('c0000000-0000-0000-0000-000000000018', 'u0000000-0000-0000-0000-000000000002',
        'r0000000-0000-0000-0000-000000000018', 'PG Comment 18', NOW() + INTERVAL '18 seconds'),
       ('c0000000-0000-0000-0000-000000000019', 'u0000000-0000-0000-0000-000000000002',
        'r0000000-0000-0000-0000-000000000019', 'PG Comment 19', NOW() + INTERVAL '19 seconds'),
       ('c0000000-0000-0000-0000-000000000020', 'u0000000-0000-0000-0000-000000000002',
        'r0000000-0000-0000-0000-000000000020', 'PG Comment 20', NOW() + INTERVAL '20 seconds');

-- 6. Review Likes 데이터 (20개)
-- ID: e01 ~ e20
-- user03 (u03) 이 모든 리뷰 (r01~r20) 에 좋아요를 누름
INSERT INTO "review_likes" (id, review_id, user_id, created_at)
VALUES ('e0000000-0000-0000-0000-000000000001', 'r0000000-0000-0000-0000-000000000001',
        'u0000000-0000-0000-0000-000000000003', NOW() + INTERVAL '1 second'),
       ('e0000000-0000-0000-0000-000000000002', 'r0000000-0000-0000-0000-000000000002',
        'u0000000-0000-0000-0000-000000000003', NOW() + INTERVAL '2 seconds'),
       ('e0000000-0000-0000-0000-000000000003', 'r0000000-0000-0000-0000-000000000003',
        'u0000000-0000-0000-0000-000000000003', NOW() + INTERVAL '3 seconds'),
       ('e0000000-0000-0000-0000-000000000004', 'r0000000-0000-0000-0000-000000000004',
        'u0000000-0000-0000-0000-000000000003', NOW() + INTERVAL '4 seconds'),
       ('e0000000-0000-0000-0000-000000000005', 'r0000000-0000-0000-0000-000000000005',
        'u0000000-0000-0000-0000-000000000003', NOW() + INTERVAL '5 seconds'),
       ('e0000000-0000-0000-0000-000000000006', 'r0000000-0000-0000-0000-000000000006',
        'u0000000-0000-0000-0000-000000000003', NOW() + INTERVAL '6 seconds'),
       ('e0000000-0000-0000-0000-000000000007', 'r0000000-0000-0000-0000-000000000007',
        'u0000000-0000-0000-0000-000000000003', NOW() + INTERVAL '7 seconds'),
       ('e0000000-0000-0000-0000-000000000008', 'r0000000-0000-0000-0000-000000000008',
        'u0000000-0000-0000-0000-000000000003', NOW() + INTERVAL '8 seconds'),
       ('e0000000-0000-0000-0000-000000000009', 'r0000000-0000-0000-0000-000000000009',
        'u0000000-0000-0000-0000-000000000003', NOW() + INTERVAL '9 seconds'),
       ('e0000000-0000-0000-0000-000000000010', 'r0000000-0000-0000-0000-000000000010',
        'u0000000-0000-0000-0000-000000000003', NOW() + INTERVAL '10 seconds'),
       ('e0000000-0000-0000-0000-000000000011', 'r0000000-0000-0000-0000-000000000011',
        'u0000000-0000-0000-0000-000000000003', NOW() + INTERVAL '11 seconds'),
       ('e0000000-0000-0000-0000-000000000012', 'r0000000-0000-0000-0000-000000000012',
        'u0000000-0000-0000-0000-000000000003', NOW() + INTERVAL '12 seconds'),
       ('e0000000-0000-0000-0000-000000000013', 'r0000000-0000-0000-0000-000000000013',
        'u0000000-0000-0000-0000-000000000003', NOW() + INTERVAL '13 seconds'),
       ('e0000000-0000-0000-0000-000000000014', 'r0000000-0000-0000-0000-000000000014',
        'u0000000-0000-0000-0000-000000000003', NOW() + INTERVAL '14 seconds'),
       ('e0000000-0000-0000-0000-000000000015', 'r0000000-0000-0000-0000-000000000015',
        'u0000000-0000-0000-0000-000000000003', NOW() + INTERVAL '15 seconds'),
       ('e0000000-0000-0000-0000-000000000016', 'r0000000-0000-0000-0000-000000000016',
        'u0000000-0000-0000-0000-000000000003', NOW() + INTERVAL '16 seconds'),
       ('e0000000-0000-0000-0000-000000000017', 'r0000000-0000-0000-0000-000000000017',
        'u0000000-0000-0000-0000-000000000003', NOW() + INTERVAL '17 seconds'),
       ('e0000000-0000-0000-0000-000000000018', 'r0000000-0000-0000-0000-000000000018',
        'u0000000-0000-0000-0000-000000000003', NOW() + INTERVAL '18 seconds'),
       ('e0000000-0000-0000-0000-000000000019', 'r0000000-0000-0000-0000-000000000019',
        'u0000000-0000-0000-0000-000000000003', NOW() + INTERVAL '19 seconds'),
       ('e0000000-0000-0000-0000-000000000020', 'r0000000-0000-0000-0000-000000000020',
        'u0000000-0000-0000-0000-000000000003', NOW() + INTERVAL '20 seconds');

-- 7. Dashboard 데이터 (20개)
-- ID: d01 ~ d20
-- 도서(BOOK) 주간(WEEKLY) 랭킹 산정
INSERT INTO "dashboard" (id, target_id, target_type, period_type, score, ranking_pos, created_at)
VALUES ('d0000000-0000-0000-0000-000000000001', 'b0000000-0000-0000-0000-000000000001', 'BOOK',
        'WEEKLY', 99.0, 1, CURRENT_DATE),
       ('d0000000-0000-0000-0000-000000000002', 'b0000000-0000-0000-0000-000000000002', 'BOOK',
        'WEEKLY', 98.0, 2, CURRENT_DATE),
       ('d0000000-0000-0000-0000-000000000003', 'b0000000-0000-0000-0000-000000000003', 'BOOK',
        'WEEKLY', 97.0, 3, CURRENT_DATE),
       ('d0000000-0000-0000-0000-000000000004', 'b0000000-0000-0000-0000-000000000004', 'BOOK',
        'WEEKLY', 96.0, 4, CURRENT_DATE),
       ('d0000000-0000-0000-0000-000000000005', 'b0000000-0000-0000-0000-000000000005', 'BOOK',
        'WEEKLY', 95.0, 5, CURRENT_DATE),
       ('d0000000-0000-0000-0000-000000000006', 'b0000000-0000-0000-0000-000000000006', 'BOOK',
        'WEEKLY', 94.0, 6, CURRENT_DATE),
       ('d0000000-0000-0000-0000-000000000007', 'b0000000-0000-0000-0000-000000000007', 'BOOK',
        'WEEKLY', 93.0, 7, CURRENT_DATE),
       ('d0000000-0000-0000-0000-000000000008', 'b0000000-0000-0000-0000-000000000008', 'BOOK',
        'WEEKLY', 92.0, 8, CURRENT_DATE),
       ('d0000000-0000-0000-0000-000000000009', 'b0000000-0000-0000-0000-000000000009', 'BOOK',
        'WEEKLY', 91.0, 9, CURRENT_DATE),
       ('d0000000-0000-0000-0000-000000000010', 'b0000000-0000-0000-0000-000000000010', 'BOOK',
        'WEEKLY', 90.0, 10, CURRENT_DATE),
       ('d0000000-0000-0000-0000-000000000011', 'b0000000-0000-0000-0000-000000000011', 'BOOK',
        'WEEKLY', 89.0, 11, CURRENT_DATE),
       ('d0000000-0000-0000-0000-000000000012', 'b0000000-0000-0000-0000-000000000012', 'BOOK',
        'WEEKLY', 88.0, 12, CURRENT_DATE),
       ('d0000000-0000-0000-0000-000000000013', 'b0000000-0000-0000-0000-000000000013', 'BOOK',
        'WEEKLY', 87.0, 13, CURRENT_DATE),
       ('d0000000-0000-0000-0000-000000000014', 'b0000000-0000-0000-0000-000000000014', 'BOOK',
        'WEEKLY', 86.0, 14, CURRENT_DATE),
       ('d0000000-0000-0000-0000-000000000015', 'b0000000-0000-0000-0000-000000000015', 'BOOK',
        'WEEKLY', 85.0, 15, CURRENT_DATE),
       ('d0000000-0000-0000-0000-000000000016', 'b0000000-0000-0000-0000-000000000016', 'BOOK',
        'WEEKLY', 84.0, 16, CURRENT_DATE),
       ('d0000000-0000-0000-0000-000000000017', 'b0000000-0000-0000-0000-000000000017', 'BOOK',
        'WEEKLY', 83.0, 17, CURRENT_DATE),
       ('d0000000-0000-0000-0000-000000000018', 'b0000000-0000-0000-0000-000000000018', 'BOOK',
        'WEEKLY', 82.0, 18, CURRENT_DATE),
       ('d0000000-0000-0000-0000-000000000019', 'b0000000-0000-0000-0000-000000000019', 'BOOK',
        'WEEKLY', 81.0, 19, CURRENT_DATE),
       ('d0000000-0000-0000-0000-000000000020', 'b0000000-0000-0000-0000-000000000020', 'BOOK',
        'WEEKLY', 80.0, 20, CURRENT_DATE);