-- 1. Users 데이터 (20명)
-- ID: u01 ~ u20
INSERT INTO "users" (id, email, nickname, password, created_at)
VALUES ('u0000000-0000-0000-0000-000000000001', 'user01@example.com', '개발자01', 'pass01!',
        dateadd('MINUTE', -20, CURRENT_TIMESTAMP)),
       ('u0000000-0000-0000-0000-000000000002', 'user02@example.com', '개발자02', 'pass02!',
        dateadd('MINUTE', -19, CURRENT_TIMESTAMP)),
       ('u0000000-0000-0000-0000-000000000003', 'user03@example.com', '개발자03', 'pass03!',
        dateadd('MINUTE', -18, CURRENT_TIMESTAMP)),
       ('u0000000-0000-0000-0000-000000000004', 'user04@example.com', '개발자04', 'pass04!',
        dateadd('MINUTE', -17, CURRENT_TIMESTAMP)),
       ('u0000000-0000-0000-0000-000000000005', 'user05@example.com', '개발자05', 'pass05!',
        dateadd('MINUTE', -16, CURRENT_TIMESTAMP)),
       ('u0000000-0000-0000-0000-000000000006', 'user06@example.com', '개발자06', 'pass06!',
        dateadd('MINUTE', -15, CURRENT_TIMESTAMP)),
       ('u0000000-0000-0000-0000-000000000007', 'user07@example.com', '개발자07', 'pass07!',
        dateadd('MINUTE', -14, CURRENT_TIMESTAMP)),
       ('u0000000-0000-0000-0000-000000000008', 'user08@example.com', '개발자08', 'pass08!',
        dateadd('MINUTE', -13, CURRENT_TIMESTAMP)),
       ('u0000000-0000-0000-0000-000000000009', 'user09@example.com', '개발자09', 'pass09!',
        dateadd('MINUTE', -12, CURRENT_TIMESTAMP)),
       ('u0000000-0000-0000-0000-000000000010', 'user10@example.com', '개발자10', 'pass10!',
        dateadd('MINUTE', -11, CURRENT_TIMESTAMP)),
       ('u0000000-0000-0000-0000-000000000011', 'user11@example.com', '개발자11', 'pass11!',
        dateadd('MINUTE', -10, CURRENT_TIMESTAMP)),
       ('u0000000-0000-0000-0000-000000000012', 'user12@example.com', '개발자12', 'pass12!',
        dateadd('MINUTE', -9, CURRENT_TIMESTAMP)),
       ('u0000000-0000-0000-0000-000000000013', 'user13@example.com', '개발자13', 'pass13!',
        dateadd('MINUTE', -8, CURRENT_TIMESTAMP)),
       ('u0000000-0000-0000-0000-000000000014', 'user14@example.com', '개발자14', 'pass14!',
        dateadd('MINUTE', -7, CURRENT_TIMESTAMP)),
       ('u0000000-0000-0000-0000-000000000015', 'user15@example.com', '개발자15', 'pass15!',
        dateadd('MINUTE', -6, CURRENT_TIMESTAMP)),
       ('u0000000-0000-0000-0000-000000000016', 'user16@example.com', '개발자16', 'pass16!',
        dateadd('MINUTE', -5, CURRENT_TIMESTAMP)),
       ('u0000000-0000-0000-0000-000000000017', 'user17@example.com', '개발자17', 'pass17!',
        dateadd('MINUTE', -4, CURRENT_TIMESTAMP)),
       ('u0000000-0000-0000-0000-000000000018', 'user18@example.com', '개발자18', 'pass18!',
        dateadd('MINUTE', -3, CURRENT_TIMESTAMP)),
       ('u0000000-0000-0000-0000-000000000019', 'user19@example.com', '개발자19', 'pass19!',
        dateadd('MINUTE', -2, CURRENT_TIMESTAMP)),
       ('u0000000-0000-0000-0000-000000000020', 'user20@example.com', '개발자20', 'pass20!',
        dateadd('MINUTE', -1, CURRENT_TIMESTAMP));

-- 2. 도서 데이터 생성 (20개)
-- 커서 페이지네이션 테스트를 위해 ID 끝자리를 순차적으로 부여했습니다.
INSERT INTO "books" (id, title, author, description, publisher, published_date, isbn, review_count,
                     rating, created_at, updated_at)
VALUES ('b0000000-0000-0000-0000-000000000001', '클린 코드', '로버트 마틴', '코드 품질 향상', '인사이트', '2013-12-24',
        'ISBN001', 0, 0.0, dateadd('SECOND', 1, CURRENT_TIMESTAMP), CURRENT_TIMESTAMP),
       ('b0000000-0000-0000-0000-000000000002', '객체지향의 사실과 오해', '조영호', '객체지향 입문', '위키북스',
        '2015-06-17', 'ISBN002', 0, 0.0, dateadd('SECOND', 2, CURRENT_TIMESTAMP),
        CURRENT_TIMESTAMP),
       ('b0000000-0000-0000-0000-000000000003', '테스트 주도 개발', '켄트 벡', 'TDD의 정석', '인사이트',
        '2014-02-15', 'ISBN003', 0, 0.0, dateadd('SECOND', 3, CURRENT_TIMESTAMP),
        CURRENT_TIMESTAMP),
       ('b0000000-0000-0000-0000-000000000004', '리팩터링 2판', '마틴 파울러', '코드 구조 개선', '한빛미디어',
        '2020-04-01', 'ISBN004', 0, 0.0, dateadd('SECOND', 4, CURRENT_TIMESTAMP),
        CURRENT_TIMESTAMP),
       ('b0000000-0000-0000-0000-000000000005', '가상 면접 사례로 배우는 대규모 시스템 설계 기초', '알렉스 쉬',
        '시스템 설계 가이드', '인사이트', '2021-07-20', 'ISBN005', 0, 0.0,
        dateadd('SECOND', 5, CURRENT_TIMESTAMP), CURRENT_TIMESTAMP),
       ('b0000000-0000-0000-0000-000000000006', '자바 ORM 표준 JPA 프로그래밍', '김영한', 'JPA 마스터', '에이콘',
        '2015-07-28', 'ISBN006', 0, 0.0, dateadd('SECOND', 6, CURRENT_TIMESTAMP),
        CURRENT_TIMESTAMP),
       ('b0000000-0000-0000-0000-000000000007', '토비의 스프링 3.1', '이일민', '스프링의 정석', '에이콘',
        '2012-09-01', 'ISBN007', 0, 0.0, dateadd('SECOND', 7, CURRENT_TIMESTAMP),
        CURRENT_TIMESTAMP),
       ('b0000000-0000-0000-0000-000000000008', '도메인 주도 설계', '에릭 에반스', 'DDD의 바이블', '위키북스',
        '2011-07-21', 'ISBN008', 0, 0.0, dateadd('SECOND', 8, CURRENT_TIMESTAMP),
        CURRENT_TIMESTAMP),
       ('b0000000-0000-0000-0000-000000000009', 'HTTP 완벽 가이드', '데이빗 걸리', '웹 프로토콜의 이해', '인사이트',
        '2014-12-15', 'ISBN009', 0, 0.0, dateadd('SECOND', 9, CURRENT_TIMESTAMP),
        CURRENT_TIMESTAMP),
       ('b0000000-0000-0000-0000-000000000010', '그림으로 배우는 HTTP', '우에노 센', '쉬운 HTTP 입문', '영진닷컴',
        '2015-02-25', 'ISBN010', 0, 0.0, dateadd('SECOND', 10, CURRENT_TIMESTAMP),
        CURRENT_TIMESTAMP),
       ('b0000000-0000-0000-0000-000000000011', 'SQL 레벨업', '미카와 타카시', 'DB 튜닝', '한빛미디어',
        '2016-01-01', 'ISBN011', 0, 0.0, dateadd('SECOND', 11, CURRENT_TIMESTAMP),
        CURRENT_TIMESTAMP),
       ('b0000000-0000-0000-0000-000000000012', '모던 자바 인 액션', '라울-게이브리얼 우르마', 'Java 8~11 최신 기법',
        '한빛미디어', '2019-08-01', 'ISBN012', 0, 0.0, dateadd('SECOND', 12, CURRENT_TIMESTAMP),
        CURRENT_TIMESTAMP),
       ('b0000000-0000-0000-0000-000000000013', '스프링 부트 실전 활용 마스터', '그렉 턴퀴스트', 'Spring Boot 활용',
        '에이콘', '2021-05-31', 'ISBN013', 0, 0.0, dateadd('SECOND', 13, CURRENT_TIMESTAMP),
        CURRENT_TIMESTAMP),
       ('b0000000-0000-0000-0000-000000000014', '전문가를 위한 스프링 5', '이율리안 코스미나', 'Spring 상세 분석', '길벗',
        '2019-06-30', 'ISBN014', 0, 0.0, dateadd('SECOND', 14, CURRENT_TIMESTAMP),
        CURRENT_TIMESTAMP),
       ('b0000000-0000-0000-0000-000000000015', '데이터 중심 애플리케이션 설계', '마틴 클렙만', '분산 시스템 설계', '위키북스',
        '2018-04-12', 'ISBN015', 0, 0.0, dateadd('SECOND', 15, CURRENT_TIMESTAMP),
        CURRENT_TIMESTAMP),
       ('b0000000-0000-0000-0000-000000000016', 'Clean Architecture', '로버트 마틴', '소프트웨어 구조와 설계',
        '인사이트', '2019-08-20', 'ISBN016', 0, 0.0, dateadd('SECOND', 16, CURRENT_TIMESTAMP),
        CURRENT_TIMESTAMP),
       ('b0000000-0000-0000-0000-000000000017', '자바 개발자라면 반드시 알아야 할 37가지', '채수원', '자바 실무 팁', '위키북스',
        '2014-03-20', 'ISBN017', 0, 0.0, dateadd('SECOND', 17, CURRENT_TIMESTAMP),
        CURRENT_TIMESTAMP),
       ('b0000000-0000-0000-0000-000000000018', '이것이 코딩 테스트다', '나동빈', '알고리즘 코테 대비', '한빛미디어',
        '2020-08-05', 'ISBN018', 0, 0.0, dateadd('SECOND', 18, CURRENT_TIMESTAMP),
        CURRENT_TIMESTAMP),
       ('b0000000-0000-0000-0000-000000000019', '실용주의 프로그래머', '앤드류 헌트', '프로그래머의 태도', '인사이트',
        '2022-02-24', 'ISBN019', 0, 0.0, dateadd('SECOND', 19, CURRENT_TIMESTAMP),
        CURRENT_TIMESTAMP),
       ('b0000000-0000-0000-0000-000000000020', 'Go 프로그래밍 언어', '도노반', 'Go 언어 완벽 가이드', '에이콘',
        '2019-04-30', 'ISBN020', 0, 0.0, dateadd('SECOND', 20, CURRENT_TIMESTAMP),
        CURRENT_TIMESTAMP);

-- 3. Reviews 데이터 (20개)
-- 각 사용자가 서로 다른 책에 리뷰를 하나씩 남기는 구조 (u01->b01, u02->b02...)
INSERT INTO "reviews" (id, book_id, user_id, rating, content, created_at)
VALUES ('r0000000-0000-0000-0000-000000000001', 'b0000000-0000-0000-0000-000000000001',
        'u0000000-0000-0000-0000-000000000001', 5, 'Review Content 01',
        dateadd('SECOND', 1, CURRENT_TIMESTAMP)),
       ('r0000000-0000-0000-0000-000000000002', 'b0000000-0000-0000-0000-000000000002',
        'u0000000-0000-0000-0000-000000000002', 4, 'Review Content 02',
        dateadd('SECOND', 2, CURRENT_TIMESTAMP)),
       ('r0000000-0000-0000-0000-000000000003', 'b0000000-0000-0000-0000-000000000003',
        'u0000000-0000-0000-0000-000000000003', 3, 'Review Content 03',
        dateadd('SECOND', 3, CURRENT_TIMESTAMP)),
       ('r0000000-0000-0000-0000-000000000004', 'b0000000-0000-0000-0000-000000000004',
        'u0000000-0000-0000-0000-000000000004', 5, 'Review Content 04',
        dateadd('SECOND', 4, CURRENT_TIMESTAMP)),
       ('r0000000-0000-0000-0000-000000000005', 'b0000000-0000-0000-0000-000000000005',
        'u0000000-0000-0000-0000-000000000005', 2, 'Review Content 05',
        dateadd('SECOND', 5, CURRENT_TIMESTAMP)),
       ('r0000000-0000-0000-0000-000000000006', 'b0000000-0000-0000-0000-000000000006',
        'u0000000-0000-0000-0000-000000000006', 4, 'Review Content 06',
        dateadd('SECOND', 6, CURRENT_TIMESTAMP)),
       ('r0000000-0000-0000-0000-000000000007', 'b0000000-0000-0000-0000-000000000007',
        'u0000000-0000-0000-0000-000000000007', 5, 'Review Content 07',
        dateadd('SECOND', 7, CURRENT_TIMESTAMP)),
       ('r0000000-0000-0000-0000-000000000008', 'b0000000-0000-0000-0000-000000000008',
        'u0000000-0000-0000-0000-000000000008', 3, 'Review Content 08',
        dateadd('SECOND', 8, CURRENT_TIMESTAMP)),
       ('r0000000-0000-0000-0000-000000000009', 'b0000000-0000-0000-0000-000000000009',
        'u0000000-0000-0000-0000-000000000009', 1, 'Review Content 09',
        dateadd('SECOND', 9, CURRENT_TIMESTAMP)),
       ('r0000000-0000-0000-0000-000000000010', 'b0000000-0000-0000-0000-000000000010',
        'u0000000-0000-0000-0000-000000000010', 4, 'Review Content 10',
        dateadd('SECOND', 10, CURRENT_TIMESTAMP)),
       ('r0000000-0000-0000-0000-000000000011', 'b0000000-0000-0000-0000-000000000011',
        'u0000000-0000-0000-0000-000000000011', 5, 'Review Content 11',
        dateadd('SECOND', 11, CURRENT_TIMESTAMP)),
       ('r0000000-0000-0000-0000-000000000012', 'b0000000-0000-0000-0000-000000000012',
        'u0000000-0000-0000-0000-000000000012', 2, 'Review Content 12',
        dateadd('SECOND', 12, CURRENT_TIMESTAMP)),
       ('r0000000-0000-0000-0000-000000000013', 'b0000000-0000-0000-0000-000000000013',
        'u0000000-0000-0000-0000-000000000013', 4, 'Review Content 13',
        dateadd('SECOND', 13, CURRENT_TIMESTAMP)),
       ('r0000000-0000-0000-0000-000000000014', 'b0000000-0000-0000-0000-000000000014',
        'u0000000-0000-0000-0000-000000000014', 5, 'Review Content 14',
        dateadd('SECOND', 14, CURRENT_TIMESTAMP)),
       ('r0000000-0000-0000-0000-000000000015', 'b0000000-0000-0000-0000-000000000015',
        'u0000000-0000-0000-0000-000000000015', 3, 'Review Content 15',
        dateadd('SECOND', 15, CURRENT_TIMESTAMP)),
       ('r0000000-0000-0000-0000-000000000016', 'b0000000-0000-0000-0000-000000000016',
        'u0000000-0000-0000-0000-000000000016', 4, 'Review Content 16',
        dateadd('SECOND', 16, CURRENT_TIMESTAMP)),
       ('r0000000-0000-0000-0000-000000000017', 'b0000000-0000-0000-0000-000000000017',
        'u0000000-0000-0000-0000-000000000017', 5, 'Review Content 17',
        dateadd('SECOND', 17, CURRENT_TIMESTAMP)),
       ('r0000000-0000-0000-0000-000000000018', 'b0000000-0000-0000-0000-000000000018',
        'u0000000-0000-0000-0000-000000000018', 4, 'Review Content 18',
        dateadd('SECOND', 18, CURRENT_TIMESTAMP)),
       ('r0000000-0000-0000-0000-000000000019', 'b0000000-0000-0000-0000-000000000019',
        'u0000000-0000-0000-0000-000000000019', 3, 'Review Content 19',
        dateadd('SECOND', 19, CURRENT_TIMESTAMP)),
       ('r0000000-0000-0000-0000-000000000020', 'b0000000-0000-0000-0000-000000000020',
        'u0000000-0000-0000-0000-000000000020', 5, 'Review Content 20',
        dateadd('SECOND', 20, CURRENT_TIMESTAMP));

-- 4. Notifications 데이터 (20개)
-- 모든 알림은 user01에게 전송된 것으로 가정 (테스트 편의성)
INSERT INTO "notifications" (id, review_id, user_id, content, is_confirmed, review_title,
                             created_at)
VALUES (random_uuid(), 'r0000000-0000-0000-0000-000000000001',
        'u0000000-0000-0000-0000-000000000001', 'Notify 01', FALSE, 'Book 01',
        dateadd('SECOND', 1, CURRENT_TIMESTAMP)),
       (random_uuid(), 'r0000000-0000-0000-0000-000000000002',
        'u0000000-0000-0000-0000-000000000001', 'Notify 02', FALSE, 'Book 02',
        dateadd('SECOND', 2, CURRENT_TIMESTAMP)),
       (random_uuid(), 'r0000000-0000-0000-0000-000000000003',
        'u0000000-0000-0000-0000-000000000001', 'Notify 03', FALSE, 'Book 03',
        dateadd('SECOND', 3, CURRENT_TIMESTAMP)),
       (random_uuid(), 'r0000000-0000-0000-0000-000000000004',
        'u0000000-0000-0000-0000-000000000001', 'Notify 04', FALSE, 'Book 04',
        dateadd('SECOND', 4, CURRENT_TIMESTAMP)),
       (random_uuid(), 'r0000000-0000-0000-0000-000000000005',
        'u0000000-0000-0000-0000-000000000001', 'Notify 05', FALSE, 'Book 05',
        dateadd('SECOND', 5, CURRENT_TIMESTAMP)),
       (random_uuid(), 'r0000000-0000-0000-0000-000000000006',
        'u0000000-0000-0000-0000-000000000001', 'Notify 06', FALSE, 'Book 06',
        dateadd('SECOND', 6, CURRENT_TIMESTAMP)),
       (random_uuid(), 'r0000000-0000-0000-0000-000000000007',
        'u0000000-0000-0000-0000-000000000001', 'Notify 07', FALSE, 'Book 07',
        dateadd('SECOND', 7, CURRENT_TIMESTAMP)),
       (random_uuid(), 'r0000000-0000-0000-0000-000000000008',
        'u0000000-0000-0000-0000-000000000001', 'Notify 08', FALSE, 'Book 08',
        dateadd('SECOND', 8, CURRENT_TIMESTAMP)),
       (random_uuid(), 'r0000000-0000-0000-0000-000000000009',
        'u0000000-0000-0000-0000-000000000001', 'Notify 09', FALSE, 'Book 09',
        dateadd('SECOND', 9, CURRENT_TIMESTAMP)),
       (random_uuid(), 'r0000000-0000-0000-0000-000000000010',
        'u0000000-0000-0000-0000-000000000001', 'Notify 10', FALSE, 'Book 10',
        dateadd('SECOND', 10, CURRENT_TIMESTAMP)),
       (random_uuid(), 'r0000000-0000-0000-0000-000000000011',
        'u0000000-0000-0000-0000-000000000001', 'Notify 11', FALSE, 'Book 11',
        dateadd('SECOND', 11, CURRENT_TIMESTAMP)),
       (random_uuid(), 'r0000000-0000-0000-0000-000000000012',
        'u0000000-0000-0000-0000-000000000001', 'Notify 12', FALSE, 'Book 12',
        dateadd('SECOND', 12, CURRENT_TIMESTAMP)),
       (random_uuid(), 'r0000000-0000-0000-0000-000000000013',
        'u0000000-0000-0000-0000-000000000001', 'Notify 13', FALSE, 'Book 13',
        dateadd('SECOND', 13, CURRENT_TIMESTAMP)),
       (random_uuid(), 'r0000000-0000-0000-0000-000000000014',
        'u0000000-0000-0000-0000-000000000001', 'Notify 14', FALSE, 'Book 14',
        dateadd('SECOND', 14, CURRENT_TIMESTAMP)),
       (random_uuid(), 'r0000000-0000-0000-0000-000000000015',
        'u0000000-0000-0000-0000-000000000001', 'Notify 15', FALSE, 'Book 15',
        dateadd('SECOND', 15, CURRENT_TIMESTAMP)),
       (random_uuid(), 'r0000000-0000-0000-0000-000000000016',
        'u0000000-0000-0000-0000-000000000001', 'Notify 16', FALSE, 'Book 16',
        dateadd('SECOND', 16, CURRENT_TIMESTAMP)),
       (random_uuid(), 'r0000000-0000-0000-0000-000000000017',
        'u0000000-0000-0000-0000-000000000001', 'Notify 17', FALSE, 'Book 17',
        dateadd('SECOND', 17, CURRENT_TIMESTAMP)),
       (random_uuid(), 'r0000000-0000-0000-0000-000000000018',
        'u0000000-0000-0000-0000-000000000001', 'Notify 18', FALSE, 'Book 18',
        dateadd('SECOND', 18, CURRENT_TIMESTAMP)),
       (random_uuid(), 'r0000000-0000-0000-0000-000000000019',
        'u0000000-0000-0000-0000-000000000001', 'Notify 19', FALSE, 'Book 19',
        dateadd('SECOND', 19, CURRENT_TIMESTAMP)),
       (random_uuid(), 'r0000000-0000-0000-0000-000000000020',
        'u0000000-0000-0000-0000-000000000001', 'Notify 20', FALSE, 'Book 20',
        dateadd('SECOND', 20, CURRENT_TIMESTAMP));

-- 5. Comments 데이터 (20개)
-- ID: c01 ~ c20
-- 작성자: user02 (u0000000-0000-0000-0000-000000000002)
INSERT INTO "comments" (id, user_id, review_id, content, created_at)
VALUES ('c0000000-0000-0000-0000-000000000001', 'u0000000-0000-0000-0000-000000000002',
        'r0000000-0000-0000-0000-000000000001', '정말 공감되는 리뷰네요! (01)',
        dateadd('SECOND', 1, CURRENT_TIMESTAMP)),
       ('c0000000-0000-0000-0000-000000000002', 'u0000000-0000-0000-0000-000000000002',
        'r0000000-0000-0000-0000-000000000002', '정말 공감되는 리뷰네요! (02)',
        dateadd('SECOND', 2, CURRENT_TIMESTAMP)),
       ('c0000000-0000-0000-0000-000000000003', 'u0000000-0000-0000-0000-000000000002',
        'r0000000-0000-0000-0000-000000000003', '정말 공감되는 리뷰네요! (03)',
        dateadd('SECOND', 3, CURRENT_TIMESTAMP)),
       ('c0000000-0000-0000-0000-000000000004', 'u0000000-0000-0000-0000-000000000002',
        'r0000000-0000-0000-0000-000000000004', '정말 공감되는 리뷰네요! (04)',
        dateadd('SECOND', 4, CURRENT_TIMESTAMP)),
       ('c0000000-0000-0000-0000-000000000005', 'u0000000-0000-0000-0000-000000000002',
        'r0000000-0000-0000-0000-000000000005', '정말 공감되는 리뷰네요! (05)',
        dateadd('SECOND', 5, CURRENT_TIMESTAMP)),
       ('c0000000-0000-0000-0000-000000000006', 'u0000000-0000-0000-0000-000000000002',
        'r0000000-0000-0000-0000-000000000006', '정말 공감되는 리뷰네요! (06)',
        dateadd('SECOND', 6, CURRENT_TIMESTAMP)),
       ('c0000000-0000-0000-0000-000000000007', 'u0000000-0000-0000-0000-000000000002',
        'r0000000-0000-0000-0000-000000000007', '정말 공감되는 리뷰네요! (07)',
        dateadd('SECOND', 7, CURRENT_TIMESTAMP)),
       ('c0000000-0000-0000-0000-000000000008', 'u0000000-0000-0000-0000-000000000002',
        'r0000000-0000-0000-0000-000000000008', '정말 공감되는 리뷰네요! (08)',
        dateadd('SECOND', 8, CURRENT_TIMESTAMP)),
       ('c0000000-0000-0000-0000-000000000009', 'u0000000-0000-0000-0000-000000000002',
        'r0000000-0000-0000-0000-000000000009', '정말 공감되는 리뷰네요! (09)',
        dateadd('SECOND', 9, CURRENT_TIMESTAMP)),
       ('c0000000-0000-0000-0000-000000000010', 'u0000000-0000-0000-0000-000000000002',
        'r0000000-0000-0000-0000-000000000010', '정말 공감되는 리뷰네요! (10)',
        dateadd('SECOND', 10, CURRENT_TIMESTAMP)),
       ('c0000000-0000-0000-0000-000000000011', 'u0000000-0000-0000-0000-000000000002',
        'r0000000-0000-0000-0000-000000000011', '정말 공감되는 리뷰네요! (11)',
        dateadd('SECOND', 11, CURRENT_TIMESTAMP)),
       ('c0000000-0000-0000-0000-000000000012', 'u0000000-0000-0000-0000-000000000002',
        'r0000000-0000-0000-0000-000000000012', '정말 공감되는 리뷰네요! (12)',
        dateadd('SECOND', 12, CURRENT_TIMESTAMP)),
       ('c0000000-0000-0000-0000-000000000013', 'u0000000-0000-0000-0000-000000000002',
        'r0000000-0000-0000-0000-000000000013', '정말 공감되는 리뷰네요! (13)',
        dateadd('SECOND', 13, CURRENT_TIMESTAMP)),
       ('c0000000-0000-0000-0000-000000000014', 'u0000000-0000-0000-0000-000000000002',
        'r0000000-0000-0000-0000-000000000014', '정말 공감되는 리뷰네요! (14)',
        dateadd('SECOND', 14, CURRENT_TIMESTAMP)),
       ('c0000000-0000-0000-0000-000000000015', 'u0000000-0000-0000-0000-000000000002',
        'r0000000-0000-0000-0000-000000000015', '정말 공감되는 리뷰네요! (15)',
        dateadd('SECOND', 15, CURRENT_TIMESTAMP)),
       ('c0000000-0000-0000-0000-000000000016', 'u0000000-0000-0000-0000-000000000002',
        'r0000000-0000-0000-0000-000000000016', '정말 공감되는 리뷰네요! (16)',
        dateadd('SECOND', 16, CURRENT_TIMESTAMP)),
       ('c0000000-0000-0000-0000-000000000017', 'u0000000-0000-0000-0000-000000000002',
        'r0000000-0000-0000-0000-000000000017', '정말 공감되는 리뷰네요! (17)',
        dateadd('SECOND', 17, CURRENT_TIMESTAMP)),
       ('c0000000-0000-0000-0000-000000000018', 'u0000000-0000-0000-0000-000000000002',
        'r0000000-0000-0000-0000-000000000018', '정말 공감되는 리뷰네요! (18)',
        dateadd('SECOND', 18, CURRENT_TIMESTAMP)),
       ('c0000000-0000-0000-0000-000000000019', 'u0000000-0000-0000-0000-000000000002',
        'r0000000-0000-0000-0000-000000000019', '정말 공감되는 리뷰네요! (19)',
        dateadd('SECOND', 19, CURRENT_TIMESTAMP)),
       ('c0000000-0000-0000-0000-000000000020', 'u0000000-0000-0000-0000-000000000002',
        'r0000000-0000-0000-0000-000000000020', '정말 공감되는 리뷰네요! (20)',
        dateadd('SECOND', 20, CURRENT_TIMESTAMP));

-- 6. Review Likes 데이터 (20개)
-- ID: e01 ~ e20
-- user03 (u03) 이 모든 리뷰 (r01~r20) 에 좋아요를 누름
INSERT INTO "review_likes" (id, review_id, user_id, created_at)
VALUES ('e0000000-0000-0000-0000-000000000001', 'r0000000-0000-0000-0000-000000000001',
        'u0000000-0000-0000-0000-000000000003', dateadd('SECOND', 1, CURRENT_TIMESTAMP)),
       ('e0000000-0000-0000-0000-000000000002', 'r0000000-0000-0000-0000-000000000002',
        'u0000000-0000-0000-0000-000000000003', dateadd('SECOND', 2, CURRENT_TIMESTAMP)),
       ('e0000000-0000-0000-0000-000000000003', 'r0000000-0000-0000-0000-000000000003',
        'u0000000-0000-0000-0000-000000000003', dateadd('SECOND', 3, CURRENT_TIMESTAMP)),
       ('e0000000-0000-0000-0000-000000000004', 'r0000000-0000-0000-0000-000000000004',
        'u0000000-0000-0000-0000-000000000003', dateadd('SECOND', 4, CURRENT_TIMESTAMP)),
       ('e0000000-0000-0000-0000-000000000005', 'r0000000-0000-0000-0000-000000000005',
        'u0000000-0000-0000-0000-000000000003', dateadd('SECOND', 5, CURRENT_TIMESTAMP)),
       ('e0000000-0000-0000-0000-000000000006', 'r0000000-0000-0000-0000-000000000006',
        'u0000000-0000-0000-0000-000000000003', dateadd('SECOND', 6, CURRENT_TIMESTAMP)),
       ('e0000000-0000-0000-0000-000000000007', 'r0000000-0000-0000-0000-000000000007',
        'u0000000-0000-0000-0000-000000000003', dateadd('SECOND', 7, CURRENT_TIMESTAMP)),
       ('e0000000-0000-0000-0000-000000000008', 'r0000000-0000-0000-0000-000000000008',
        'u0000000-0000-0000-0000-000000000003', dateadd('SECOND', 8, CURRENT_TIMESTAMP)),
       ('e0000000-0000-0000-0000-000000000009', 'r0000000-0000-0000-0000-000000000009',
        'u0000000-0000-0000-0000-000000000003', dateadd('SECOND', 9, CURRENT_TIMESTAMP)),
       ('e0000000-0000-0000-0000-000000000010', 'r0000000-0000-0000-0000-000000000010',
        'u0000000-0000-0000-0000-000000000003', dateadd('SECOND', 10, CURRENT_TIMESTAMP)),
       ('e0000000-0000-0000-0000-000000000011', 'r0000000-0000-0000-0000-000000000011',
        'u0000000-0000-0000-0000-000000000003', dateadd('SECOND', 11, CURRENT_TIMESTAMP)),
       ('e0000000-0000-0000-0000-000000000012', 'r0000000-0000-0000-0000-000000000012',
        'u0000000-0000-0000-0000-000000000003', dateadd('SECOND', 12, CURRENT_TIMESTAMP)),
       ('e0000000-0000-0000-0000-000000000013', 'r0000000-0000-0000-0000-000000000013',
        'u0000000-0000-0000-0000-000000000003', dateadd('SECOND', 13, CURRENT_TIMESTAMP)),
       ('e0000000-0000-0000-0000-000000000014', 'r0000000-0000-0000-0000-000000000014',
        'u0000000-0000-0000-0000-000000000003', dateadd('SECOND', 14, CURRENT_TIMESTAMP)),
       ('e0000000-0000-0000-0000-000000000015', 'r0000000-0000-0000-0000-000000000015',
        'u0000000-0000-0000-0000-000000000003', dateadd('SECOND', 15, CURRENT_TIMESTAMP)),
       ('e0000000-0000-0000-0000-000000000016', 'r0000000-0000-0000-0000-000000000016',
        'u0000000-0000-0000-0000-000000000003', dateadd('SECOND', 16, CURRENT_TIMESTAMP)),
       ('e0000000-0000-0000-0000-000000000017', 'r0000000-0000-0000-0000-000000000017',
        'u0000000-0000-0000-0000-000000000003', dateadd('SECOND', 17, CURRENT_TIMESTAMP)),
       ('e0000000-0000-0000-0000-000000000018', 'r0000000-0000-0000-0000-000000000018',
        'u0000000-0000-0000-0000-000000000003', dateadd('SECOND', 18, CURRENT_TIMESTAMP)),
       ('e0000000-0000-0000-0000-000000000019', 'r0000000-0000-0000-0000-000000000019',
        'u0000000-0000-0000-0000-000000000003', dateadd('SECOND', 19, CURRENT_TIMESTAMP)),
       ('e0000000-0000-0000-0000-000000000020', 'r0000000-0000-0000-0000-000000000020',
        'u0000000-0000-0000-0000-000000000003', dateadd('SECOND', 20, CURRENT_TIMESTAMP));

-- 7. Dashboard 데이터 (20개)
-- ID: d01 ~ d20
-- 도서(BOOK) 주간(WEEKLY) 랭킹 산정 (1위: b01, 점수 99.0 ~ 20위: b20, 점수 80.0)
INSERT INTO "dashboard" (id, target_id, target_type, period_type, score, ranking_pos, created_at)
VALUES ('d0000000-0000-0000-0000-000000000001', 'b0000000-0000-0000-0000-000000000001', 'BOOK',
        'WEEKLY', 99.0, 1, CURRENT_DATE),
       ('d0000000-0000-0000-0000-000000000002', 'b0000000-0000-0000-0000-000000000002', 'BOOK',
        'WEEKLY', 98.0, 2, CURRENT_DATE),
       ('d0000000-0000-0000-0000-000000000003', 'b0000000-0000-0000-0000-000000000003', 'BOOK',
        'WEEKLY', 97.0, 3, CURRENT_DATE),
       ('d0000000-0000-0000-0000-000000000004', 'b0000000-0000-0000-0000-000000000004', 'BOOK',
        'WEEKLY', 96.0, 4, CURRENT_DATE),
       ('d0000000-0000-0000-0000-000000000005', 'b0000000-0000-0000-0000-000000000005', 'BOOK',
        'WEEKLY', 95.0, 5, CURRENT_DATE),
       ('d0000000-0000-0000-0000-000000000006', 'b0000000-0000-0000-0000-000000000006', 'BOOK',
        'WEEKLY', 94.0, 6, CURRENT_DATE),
       ('d0000000-0000-0000-0000-000000000007', 'b0000000-0000-0000-0000-000000000007', 'BOOK',
        'WEEKLY', 93.0, 7, CURRENT_DATE),
       ('d0000000-0000-0000-0000-000000000008', 'b0000000-0000-0000-0000-000000000008', 'BOOK',
        'WEEKLY', 92.0, 8, CURRENT_DATE),
       ('d0000000-0000-0000-0000-000000000009', 'b0000000-0000-0000-0000-000000000009', 'BOOK',
        'WEEKLY', 91.0, 9, CURRENT_DATE),
       ('d0000000-0000-0000-0000-000000000010', 'b0000000-0000-0000-0000-000000000010', 'BOOK',
        'WEEKLY', 90.0, 10, CURRENT_DATE),
       ('d0000000-0000-0000-0000-000000000011', 'b0000000-0000-0000-0000-000000000011', 'BOOK',
        'WEEKLY', 89.0, 11, CURRENT_DATE),
       ('d0000000-0000-0000-0000-000000000012', 'b0000000-0000-0000-0000-000000000012', 'BOOK',
        'WEEKLY', 88.0, 12, CURRENT_DATE),
       ('d0000000-0000-0000-0000-000000000013', 'b0000000-0000-0000-0000-000000000013', 'BOOK',
        'WEEKLY', 87.0, 13, CURRENT_DATE),
       ('d0000000-0000-0000-0000-000000000014', 'b0000000-0000-0000-0000-000000000014', 'BOOK',
        'WEEKLY', 86.0, 14, CURRENT_DATE),
       ('d0000000-0000-0000-0000-000000000015', 'b0000000-0000-0000-0000-000000000015', 'BOOK',
        'WEEKLY', 85.0, 15, CURRENT_DATE),
       ('d0000000-0000-0000-0000-000000000016', 'b0000000-0000-0000-0000-000000000016', 'BOOK',
        'WEEKLY', 84.0, 16, CURRENT_DATE),
       ('d0000000-0000-0000-0000-000000000017', 'b0000000-0000-0000-0000-000000000017', 'BOOK',
        'WEEKLY', 83.0, 17, CURRENT_DATE),
       ('d0000000-0000-0000-0000-000000000018', 'b0000000-0000-0000-0000-000000000018', 'BOOK',
        'WEEKLY', 82.0, 18, CURRENT_DATE),
       ('d0000000-0000-0000-0000-000000000019', 'b0000000-0000-0000-0000-000000000019', 'BOOK',
        'WEEKLY', 81.0, 19, CURRENT_DATE),
       ('d0000000-0000-0000-0000-000000000020', 'b0000000-0000-0000-0000-000000000020', 'BOOK',
        'WEEKLY', 80.0, 20, CURRENT_DATE);